X Filtered Pixel; Y Filtered Pixel; X Filtered Normalized; Y Filtered Normalized; X Raw Normalized; Y Raw Normalized; Distance to Camera in mm; Eye Aspect Ratio (Height/Width); Blinking; Timestamp With Milliseconds; Unix Timestamp In Milliseconds; AOI List; Additional Notes
855;550;0.4453869;0.5095583;0.4453869;0.5095583;564.0;0.3498851;True;5/17/2025 1:26:38 PM:909;1747477598909;;
907;546;0.4723999;0.5058;0.5329632;0.4715016;564.0;0.3494167;True;5/17/2025 1:26:39 PM:25;1747477599025;;
867;547;0.4520741;0.5068067;0.4005778;0.5204591;564.1;0.3502341;True;5/17/2025 1:26:39 PM:131;1747477599131;;
824;548;0.4292504;0.5078843;0.3690688;0.5262458;564.2;0.3497087;True;5/17/2025 1:26:39 PM:233;1747477599233;;
797;549;0.4154056;0.508438;0.3600174;0.5258284;564.3;0.349462;True;5/17/2025 1:26:39 PM:320;1747477599320;;
797;549;0.4151352;0.50879;0.4098922;0.5259978;564.4;0.3498776;True;5/17/2025 1:26:39 PM:403;1747477599403;;
793;549;0.4134478;0.5089685;0.3852722;0.5255145;564.4;0.3494124;True;5/17/2025 1:26:39 PM:471;1747477599471;;
795;549;0.4141415;0.5090117;0.4223097;0.5111066;564.5;0.3496643;True;5/17/2025 1:26:39 PM:532;1747477599532;;
801;549;0.4174295;0.509076;0.4447559;0.521801;564.5;0.3493323;True;5/17/2025 1:26:39 PM:583;1747477599583;;
799;550;0.4166052;0.5092708;0.3982904;0.5264508;564.6;0.3493905;True;5/17/2025 1:26:39 PM:633;1747477599633;;
804;550;0.4190767;0.509316;0.4439066;0.5184552;564.6;0.3480635;True;5/17/2025 1:26:39 PM:684;1747477599684;;
874;548;0.4556757;0.5079798;0.5499489;0.4852757;564.5;0.3486403;True;5/17/2025 1:26:39 PM:736;1747477599736;;
874;548;0.4554903;0.507993;0.4446401;0.5133067;564.6;0.3492239;True;5/17/2025 1:26:39 PM:784;1747477599784;;
878;548;0.4573272;0.5080664;0.4784266;0.5170054;564.5;0.3491339;True;5/17/2025 1:26:39 PM:837;1747477599837;;
881;548;0.4589523;0.507805;0.4815605;0.4975848;564.5;0.3490044;True;5/17/2025 1:26:39 PM:886;1747477599886;;
873;548;0.4548236;0.508023;0.42065;0.5203588;564.5;0.3488459;True;5/17/2025 1:26:39 PM:936;1747477599936;;
875;548;0.4562313;0.5078254;0.4767632;0.4986739;564.4;0.3492478;True;5/17/2025 1:26:39 PM:984;1747477599984;;
869;548;0.4531113;0.5080115;0.4222933;0.5192905;564.4;0.3490469;True;5/17/2025 1:26:40 PM:33;1747477600033;;
862;549;0.4492961;0.5083582;0.4128548;0.5246339;564.3;0.3492464;True;5/17/2025 1:26:40 PM:81;1747477600081;;
848;549;0.4417405;0.5085633;0.3892875;0.5232977;564.2;0.3492161;True;5/17/2025 1:26:40 PM:129;1747477600129;;
838;549;0.4365848;0.508575;0.3905941;0.5095679;564.1;0.3495442;True;5/17/2025 1:26:40 PM:180;1747477600180;;
828;549;0.4316147;0.508582;0.3834947;0.5093318;564.1;0.3494534;True;5/17/2025 1:26:40 PM:229;1747477600229;;
809;549;0.4216495;0.5086005;0.3563277;0.5152012;564.1;0.3490705;True;5/17/2025 1:26:40 PM:276;1747477600276;;
748;549;0.3897997;0.5085997;0.2891081;0.5085164;564.1;0.3497117;True;5/17/2025 1:26:40 PM:327;1747477600327;;
730;549;0.3802437;0.5086052;0.3181329;0.509707;564.0;0.3487884;True;5/17/2025 1:26:40 PM:376;1747477600376;;
731;549;0.3811191;0.5085422;0.3905372;0.5039774;564.0;0.3496338;True;5/17/2025 1:26:40 PM:428;1747477600428;;
677;549;0.3530917;0.5085433;0.2609196;0.5092686;564.0;0.3495404;True;5/17/2025 1:26:40 PM:478;1747477600478;;
678;549;0.3532642;0.5085532;0.3572015;0.5116169;563.9;0.3480236;True;5/17/2025 1:26:40 PM:528;1747477600528;;
657;549;0.3426862;0.5085533;0.2826332;0.50858;563.8;0.3486251;True;5/17/2025 1:26:40 PM:576;1747477600576;;
653;549;0.3403073;0.5085729;0.306759;0.5126355;563.8;0.3485532;True;5/17/2025 1:26:40 PM:625;1747477600625;;
656;549;0.3418645;0.5090036;0.3584773;0.5261702;563.8;0.3493337;True;5/17/2025 1:26:40 PM:674;1747477600674;;
645;550;0.3362205;0.5093629;0.2903207;0.5267699;563.8;0.3493198;True;5/17/2025 1:26:40 PM:724;1747477600724;;
652;550;0.3399019;0.5096591;0.3682131;0.5273704;563.8;0.3493543;True;5/17/2025 1:26:40 PM:774;1747477600774;;
652;550;0.3398816;0.5097592;0.3349729;0.5238288;563.8;0.3490813;True;5/17/2025 1:26:40 PM:823;1747477600823;;
623;550;0.3248536;0.5098715;0.2573456;0.5249611;563.8;0.3495905;True;5/17/2025 1:26:40 PM:873;1747477600873;;
624;550;0.3254376;0.5100666;0.3354181;0.5280443;563.8;0.3491727;True;5/17/2025 1:26:40 PM:924;1747477600924;;
621;550;0.3235384;0.5101786;0.2961332;0.5271294;563.8;0.3497253;True;5/17/2025 1:26:40 PM:973;1747477600973;;
614;551;0.3201689;0.5101854;0.2826718;0.524008;563.8;0.3499194;True;5/17/2025 1:26:41 PM:21;1747477601021;;
614;551;0.3200764;0.5102394;0.3167395;0.5260199;563.8;0.3495601;True;5/17/2025 1:26:41 PM:71;1747477601071;;
614;551;0.3200725;0.510314;0.3199422;0.5271536;563.8;0.3493858;True;5/17/2025 1:26:41 PM:120;1747477601120;;
580;551;0.3024107;0.5104017;0.2274826;0.5180464;563.9;0.3501017;True;5/17/2025 1:26:41 PM:168;1747477601168;;
580;551;0.3023977;0.5105793;0.292774;0.5291781;563.9;0.3501861;True;5/17/2025 1:26:41 PM:218;1747477601218;;
679;551;0.3536954;0.5106557;0.4611283;0.5198632;564.0;0.3497129;True;5/17/2025 1:26:41 PM:266;1747477601266;;
843;551;0.4390815;0.5102517;0.5691224;0.499581;564.2;0.3494366;True;5/17/2025 1:26:41 PM:315;1747477601315;;
907;550;0.4727578;0.5100685;0.5456163;0.5028396;564.4;0.3492892;True;5/17/2025 1:26:41 PM:365;1747477601365;;
973;550;0.5068063;0.5097259;0.5793805;0.4978115;564.5;0.3496035;True;5/17/2025 1:26:41 PM:418;1747477601418;;
984;550;0.5128382;0.5093651;0.5406262;0.4948183;564.6;0.3495989;True;5/17/2025 1:26:41 PM:467;1747477601467;;
996;550;0.5188038;0.5093595;0.5486514;0.5059115;564.8;0.3494622;True;5/17/2025 1:26:41 PM:518;1747477601518;;
998;550;0.5199189;0.5093359;0.5313662;0.5039964;564.8;0.3506013;True;5/17/2025 1:26:41 PM:569;1747477601569;;
1026;548;0.5345468;0.5077967;0.5932399;0.4759881;564.8;0.3496819;True;5/17/2025 1:26:41 PM:619;1747477601619;;
1026;548;0.5345402;0.507762;0.534246;0.5036259;564.9;0.3506741;True;5/17/2025 1:26:41 PM:671;1747477601671;;
1026;547;0.5345159;0.5071999;0.5322613;0.4847396;564.9;0.3499604;True;5/17/2025 1:26:41 PM:720;1747477601720;;
1118;547;0.5823724;0.506772;0.6858003;0.4848253;565.1;0.3510817;True;5/17/2025 1:26:41 PM:772;1747477601772;;
1175;546;0.6121078;0.5061322;0.7008202;0.4777785;565.3;0.3510666;True;5/17/2025 1:26:41 PM:814;1747477601814;;
1220;546;0.635506;0.5058173;0.70829;0.4821322;565.5;0.3513024;True;5/17/2025 1:26:41 PM:863;1747477601863;;
1201;546;0.6255232;0.5057554;0.5644845;0.503169;565.7;0.3507861;True;5/17/2025 1:26:41 PM:912;1747477601912;;
1201;546;0.6255223;0.5057031;0.6255037;0.4899013;565.8;0.3497947;True;5/17/2025 1:26:41 PM:961;1747477601961;;
1195;546;0.6228629;0.5056326;0.5872076;0.5014735;566.0;0.3496355;True;5/17/2025 1:26:42 PM:12;1747477602012;;
1194;546;0.6221924;0.5055959;0.5973552;0.4923305;566.1;0.3497912;True;5/17/2025 1:26:42 PM:63;1747477602063;;
1192;545;0.6211885;0.5055402;0.5922368;0.4976275;566.3;0.3500083;True;5/17/2025 1:26:42 PM:113;1747477602113;;
1187;545;0.6184044;0.5054916;0.5781041;0.4983459;566.4;0.3500468;True;5/17/2025 1:26:42 PM:164;1747477602164;;
1186;545;0.6180232;0.5054479;0.6065062;0.4934608;566.5;0.3498172;True;5/17/2025 1:26:42 PM:218;1747477602218;;
1186;545;0.6177221;0.5054273;0.5939745;0.496132;566.7;0.35012;True;5/17/2025 1:26:42 PM:266;1747477602266;;
1207;544;0.6290041;0.5043528;0.677593;0.4737756;566.8;0.3498178;True;5/17/2025 1:26:42 PM:315;1747477602315;;
1223;543;0.6369981;0.5034149;0.680777;0.4717275;566.9;0.3499974;True;5/17/2025 1:26:42 PM:364;1747477602364;;
1176;544;0.6125879;0.5038216;0.5310482;0.5127649;566.9;0.3496925;True;5/17/2025 1:26:42 PM:416;1747477602416;;
1142;544;0.5948159;0.5041656;0.5238916;0.5136339;566.8;0.3503865;True;5/17/2025 1:26:42 PM:470;1747477602470;;
1124;544;0.5855671;0.5042467;0.5290366;0.5087363;566.8;0.3494406;True;5/17/2025 1:26:42 PM:519;1747477602519;;
1089;544;0.567681;0.5045625;0.4911511;0.5165204;566.8;0.3492732;True;5/17/2025 1:26:42 PM:569;1747477602569;;
1086;544;0.5657765;0.5045761;0.5332864;0.5071787;566.8;0.3496493;True;5/17/2025 1:26:42 PM:619;1747477602619;;
1067;545;0.5559109;0.5046949;0.492958;0.513354;566.7;0.3495904;True;5/17/2025 1:26:42 PM:668;1747477602668;;
1025;545;0.5343244;0.5053176;0.4465832;0.5260221;566.7;0.3496666;True;5/17/2025 1:26:42 PM:714;1747477602714;;
1025;545;0.5341327;0.5053102;0.5196239;0.5046361;566.8;0.3500524;True;5/17/2025 1:26:42 PM:765;1747477602765;;
1024;545;0.5338116;0.5054799;0.5112088;0.5180793;566.9;0.3506582;True;5/17/2025 1:26:42 PM:813;1747477602813;;
992;546;0.5169194;0.5058361;0.4383963;0.5239242;566.9;0.3501836;True;5/17/2025 1:26:42 PM:861;1747477602861;;
934;546;0.4865469;0.5058639;0.3898814;0.5118647;566.8;0.3504226;True;5/17/2025 1:26:42 PM:911;1747477602911;;
944;546;0.4921367;0.505869;0.5273673;0.5062895;566.7;0.3494669;True;5/17/2025 1:26:42 PM:961;1747477602961;;
892;546;0.4647617;0.5058853;0.3750204;0.5132909;566.6;0.3499246;True;5/17/2025 1:26:43 PM:8;1747477603008;;
888;546;0.4627859;0.5058293;0.4345739;0.5023873;566.6;0.3498884;True;5/17/2025 1:26:43 PM:58;1747477603058;;
872;546;0.4546825;0.5058369;0.4005315;0.5080681;566.4;0.3495904;True;5/17/2025 1:26:43 PM:106;1747477603106;;
868;546;0.4524941;0.5058396;0.4181241;0.509225;566.4;0.3495907;True;5/17/2025 1:26:43 PM:154;1747477603154;;
866;546;0.4511719;0.5058395;0.4207706;0.5058085;566.3;0.3497548;True;5/17/2025 1:26:43 PM:204;1747477603204;;
866;546;0.4510699;0.5058352;0.4340536;0.5051125;566.3;0.3498722;True;5/17/2025 1:26:43 PM:254;1747477603254;;
865;546;0.4509918;0.5058736;0.4312315;0.5117753;566.2;0.3497498;True;5/17/2025 1:26:43 PM:301;1747477603301;;
864;546;0.4502687;0.5058896;0.4232073;0.5105722;566.2;0.3494692;True;5/17/2025 1:26:43 PM:352;1747477603352;;
905;545;0.4714469;0.50538;0.5385433;0.4895893;566.2;0.3504839;True;5/17/2025 1:26:43 PM:402;1747477603402;;
1074;541;0.5594943;0.5018264;0.6900502;0.4563878;566.4;0.3497159;True;5/17/2025 1:26:43 PM:452;1747477603452;;
1282;535;0.6681088;0.4961766;0.7985343;0.4358495;566.5;0.3499219;True;5/17/2025 1:26:43 PM:503;1747477603503;;
1334;533;0.6948646;0.4939674;0.7494404;0.4492234;566.6;0.3504178;True;5/17/2025 1:26:43 PM:553;1747477603553;;
1385;530;0.7216907;0.4909657;0.7819826;0.4367035;566.7;0.3499684;True;5/17/2025 1:26:43 PM:601;1747477603601;;
1426;526;0.7430118;0.4878741;0.7965034;0.4307338;566.8;0.3503789;True;5/17/2025 1:26:43 PM:651;1747477603651;;
1473;523;0.7674734;0.4845926;0.8296196;0.4229197;566.9;0.3503674;True;5/17/2025 1:26:43 PM:700;1747477603700;;
1474;522;0.7681411;0.4841604;0.7730385;0.4418076;566.9;0.350457;True;5/17/2025 1:26:43 PM:748;1747477603748;;
1518;521;0.7907284;0.4826906;0.8560579;0.4296616;567.0;0.350624;True;5/17/2025 1:26:43 PM:798;1747477603798;;
1517;520;0.7902613;0.4815829;0.7801687;0.4295796;567.0;0.3502719;True;5/17/2025 1:26:43 PM:847;1747477603847;;
1272;523;0.6630089;0.4844019;0.4945286;0.5100626;566.9;0.3499877;True;5/17/2025 1:26:43 PM:894;1747477603894;;
1066;525;0.5552319;0.4864548;0.421952;0.5099483;566.8;0.3497257;True;5/17/2025 1:26:43 PM:943;1747477603943;;
950;526;0.4951003;0.4875235;0.4037567;0.5056617;566.8;0.3504478;True;5/17/2025 1:26:43 PM:992;1747477603992;;
827;528;0.4308296;0.4897306;0.337223;0.5214294;566.7;0.3506314;True;5/17/2025 1:26:44 PM:40;1747477604040;;
802;529;0.4180233;0.4907211;0.3863274;0.5137716;566.6;0.3502635;True;5/17/2025 1:26:44 PM:89;1747477604089;;
780;530;0.4064908;0.4916273;0.3725877;0.5164964;566.5;0.3501446;True;5/17/2025 1:26:44 PM:138;1747477604138;;
759;531;0.3953457;0.4925897;0.3577573;0.5207992;566.4;0.3499312;True;5/17/2025 1:26:44 PM:185;1747477604185;;
693;533;0.3613712;0.4938481;0.2853655;0.5271385;566.3;0.3498396;True;5/17/2025 1:26:44 PM:234;1747477604234;;
628;534;0.3272035;0.4948002;0.2481159;0.5277868;566.2;0.3503564;True;5/17/2025 1:26:44 PM:282;1747477604282;;
567;534;0.2954015;0.4951654;0.2184648;0.5221964;566.0;0.3509986;True;5/17/2025 1:26:44 PM:330;1747477604330;;
525;534;0.2735916;0.4953701;0.2117286;0.5204712;565.9;0.349529;True;5/17/2025 1:26:44 PM:380;1747477604380;;
509;535;0.2654078;0.4958135;0.2295839;0.5253595;565.8;0.3490395;True;5/17/2025 1:26:44 PM:433;1747477604433;;
501;535;0.261129;0.4961939;0.2326125;0.5266257;565.7;0.3501231;True;5/17/2025 1:26:44 PM:483;1747477604483;;
477;536;0.248598;0.4964035;0.1944849;0.5135885;565.6;0.3507856;True;5/17/2025 1:26:44 PM:533;1747477604533;;
468;536;0.2441679;0.4964991;0.2095709;0.5212101;565.5;0.3502055;True;5/17/2025 1:26:44 PM:583;1747477604583;;
450;536;0.2345885;0.4967079;0.1805372;0.5090841;565.5;0.3501331;True;5/17/2025 1:26:44 PM:632;1747477604632;;
445;536;0.2320296;0.4967463;0.2004617;0.5160524;565.5;0.3495027;True;5/17/2025 1:26:44 PM:681;1747477604681;;
439;536;0.2289239;0.4968545;0.1922541;0.512786;565.4;0.3500692;True;5/17/2025 1:26:44 PM:731;1747477604731;;
439;537;0.2289758;0.4973027;0.2302155;0.5258968;565.3;0.349869;True;5/17/2025 1:26:44 PM:776;1747477604776;;
438;537;0.2286272;0.4974954;0.2114653;0.5227078;565.3;0.3499827;True;5/17/2025 1:26:44 PM:826;1747477604826;;
438;537;0.2285281;0.4977202;0.214376;0.5244278;565.3;0.3502206;True;5/17/2025 1:26:44 PM:875;1747477604875;;
436;537;0.2274267;0.4977623;0.2013899;0.5194039;565.3;0.3503486;True;5/17/2025 1:26:44 PM:922;1747477604922;;
427;537;0.2226001;0.4979628;0.1763028;0.5083122;565.4;0.3503821;True;5/17/2025 1:26:44 PM:972;1747477604972;;
419;537;0.2182502;0.4980903;0.1712523;0.5040743;565.4;0.3500671;True;5/17/2025 1:26:45 PM:21;1747477605021;;
414;538;0.2156634;0.4981932;0.1740693;0.5063753;565.3;0.3506843;True;5/17/2025 1:26:45 PM:68;1747477605068;;
411;538;0.2143484;0.4982516;0.1784429;0.509349;565.3;0.3502204;True;5/17/2025 1:26:45 PM:116;1747477605116;;
411;538;0.2140752;0.498586;0.2092825;0.5212439;565.3;0.3503843;True;5/17/2025 1:26:45 PM:162;1747477605162;;
413;539;0.2152102;0.4992034;0.2274394;0.5279067;565.4;0.3496211;True;5/17/2025 1:26:45 PM:208;1747477605208;;
471;539;0.2453698;0.4997996;0.3290986;0.5295326;565.4;0.349582;True;5/17/2025 1:26:45 PM:256;1747477605256;;
484;540;0.2524908;0.5000717;0.2934653;0.5263928;565.4;0.3498343;True;5/17/2025 1:26:45 PM:303;1747477605303;;
474;540;0.2473186;0.5002064;0.203021;0.5162058;565.4;0.3495228;True;5/17/2025 1:26:45 PM:351;1747477605351;;
463;540;0.2414825;0.5003524;0.1909501;0.5111188;565.4;0.3495115;True;5/17/2025 1:26:45 PM:395;1747477605395;;
460;540;0.2396561;0.500368;0.2066612;0.517888;565.3;0.3496129;True;5/17/2025 1:26:45 PM:445;1747477605445;;
510;540;0.2659104;0.5007558;0.3434845;0.527347;565.5;0.3499255;True;5/17/2025 1:26:45 PM:492;1747477605492;;
557;541;0.2901179;0.5009781;0.3640299;0.5256849;565.6;0.3502122;True;5/17/2025 1:26:45 PM:541;1747477605541;;
558;541;0.2908401;0.5009954;0.300762;0.5218466;565.8;0.3501326;True;5/17/2025 1:26:45 PM:593;1747477605593;;
560;541;0.2921149;0.5010929;0.3087473;0.52404;565.9;0.350351;True;5/17/2025 1:26:45 PM:643;1747477605643;;
578;541;0.3013107;0.5012367;0.3496265;0.5253971;566.1;0.3496793;True;5/17/2025 1:26:45 PM:698;1747477605698;;
616;541;0.3212832;0.5013911;0.3951582;0.5265031;566.2;0.3499697;True;5/17/2025 1:26:45 PM:751;1747477605751;;
623;541;0.3247672;0.5014783;0.3601402;0.5214391;566.3;0.3495087;True;5/17/2025 1:26:45 PM:802;1747477605802;;
622;541;0.3239896;0.5015639;0.312526;0.5252242;566.5;0.3502228;True;5/17/2025 1:26:45 PM:855;1747477605855;;
833;541;0.4342942;0.5016466;0.5809745;0.5041298;566.7;0.3511629;True;5/17/2025 1:26:45 PM:908;1747477605908;;
938;541;0.4887062;0.5015651;0.5799758;0.4992566;567.0;0.3511629;True;5/17/2025 1:26:45 PM:964;1747477605964;;
935;542;0.4870256;0.5019659;0.4631738;0.5238439;567.3;0.3501864;True;5/17/2025 1:26:46 PM:21;1747477606021;;
939;542;0.4892672;0.5020047;0.5017906;0.5149677;567.4;0.3505608;True;5/17/2025 1:26:46 PM:79;1747477606079;;
938;542;0.4887387;0.502101;0.4680043;0.5066457;567.5;0.3511098;True;5/17/2025 1:26:46 PM:156;1747477606156;;
938;542;0.4890437;0.5020022;0.4926111;0.4980575;567.5;0.35011;True;5/17/2025 1:26:46 PM:208;1747477606208;;
881;542;0.4589401;0.5020857;0.3637931;0.513518;567.6;0.350239;True;5/17/2025 1:26:46 PM:259;1747477606259;;
822;542;0.4283504;0.5020932;0.3324919;0.5106982;567.5;0.3500926;True;5/17/2025 1:26:46 PM:309;1747477606309;;
787;542;0.4101354;0.502105;0.3357982;0.5096972;567.5;0.3501631;True;5/17/2025 1:26:46 PM:361;1747477606361;;
768;542;0.4004721;0.5021248;0.3430167;0.5113029;567.5;0.3501051;True;5/17/2025 1:26:46 PM:415;1747477606415;;
757;542;0.394642;0.5021446;0.3445539;0.5115933;567.5;0.3502609;True;5/17/2025 1:26:46 PM:466;1747477606466;;
756;542;0.3938503;0.5021935;0.3653016;0.5131872;567.5;0.3503503;True;5/17/2025 1:26:46 PM:519;1747477606519;;
737;542;0.3839394;0.502202;0.3197122;0.5117263;567.5;0.3501692;True;5/17/2025 1:26:46 PM:571;1747477606571;;
719;542;0.3749077;0.5026717;0.3100167;0.5247167;567.4;0.3495939;True;5/17/2025 1:26:46 PM:619;1747477606619;;
862;542;0.4494339;0.5027308;0.5662602;0.5083751;567.5;0.3498366;True;5/17/2025 1:26:46 PM:670;1747477606670;;
859;543;0.4478301;0.5032596;0.428212;0.5265446;567.6;0.3509082;True;5/17/2025 1:26:46 PM:722;1747477606722;;
857;544;0.4468646;0.5037165;0.4341868;0.5279946;567.7;0.3514663;True;5/17/2025 1:26:46 PM:771;1747477606771;;
835;544;0.4350435;0.5038556;0.3606409;0.5231782;567.7;0.3513106;True;5/17/2025 1:26:46 PM:823;1747477606823;;
832;544;0.4337336;0.5039862;0.3902975;0.5239071;567.6;0.3498808;True;5/17/2025 1:26:46 PM:872;1747477606872;;
797;544;0.4151464;0.5040829;0.3252255;0.5162184;567.6;0.3502055;True;5/17/2025 1:26:46 PM:922;1747477606922;;
758;544;0.3948504;0.5041771;0.307375;0.5225849;567.5;0.3497438;True;5/17/2025 1:26:46 PM:979;1747477606979;;
744;544;0.387854;0.5042763;0.3262682;0.5233033;567.5;0.3493979;True;5/17/2025 1:26:47 PM:36;1747477607036;;
744;544;0.3877195;0.5042885;0.353569;0.5215372;567.6;0.3493874;True;5/17/2025 1:26:47 PM:89;1747477607089;;
720;544;0.3752899;0.5042996;0.2988645;0.5215526;567.5;0.3498574;True;5/17/2025 1:26:47 PM:142;1747477607142;;
722;544;0.3761218;0.5043526;0.3826506;0.522951;567.5;0.3499034;True;5/17/2025 1:26:47 PM:192;1747477607192;;
733;544;0.381871;0.5043598;0.4137639;0.5218575;567.6;0.3505788;True;5/17/2025 1:26:47 PM:240;1747477607240;;
1022;541;0.5327891;0.5012163;0.6941792;0.4660221;567.7;0.3492839;True;5/17/2025 1:26:47 PM:289;1747477607289;;
1236;536;0.6437719;0.4966699;0.7663012;0.448637;567.9;0.3488474;True;5/17/2025 1:26:47 PM:338;1747477607338;;
1456;520;0.7584297;0.4821335;0.8707516;0.3937161;568.2;0.3491629;True;5/17/2025 1:26:47 PM:388;1747477607388;;
1601;502;0.8342869;0.4656831;0.9153726;0.3691805;568.5;0.3497892;True;5/17/2025 1:26:47 PM:440;1747477607440;;
1644;492;0.8566667;0.4563049;0.8938163;0.3737635;568.6;0.3492025;True;5/17/2025 1:26:47 PM:488;1747477607488;;
1690;484;0.8806739;0.4489406;0.9250339;0.3694203;568.8;0.3489053;True;5/17/2025 1:26:47 PM:535;1747477607535;;
1698;477;0.8845821;0.4418463;0.8958007;0.3609131;569.0;0.349292;True;5/17/2025 1:26:47 PM:585;1747477607585;;
1702;474;0.8869689;0.4394421;0.8960606;0.3778823;569.1;0.3496563;True;5/17/2025 1:26:47 PM:633;1747477607633;;
1705;470;0.8881539;0.4351946;0.8941996;0.3607767;569.2;0.3495298;True;5/17/2025 1:26:47 PM:682;1747477607682;;
1703;468;0.8874859;0.4338492;0.8817805;0.3743801;569.4;0.3490475;True;5/17/2025 1:26:47 PM:731;1747477607731;;
1702;467;0.8865613;0.433253;0.8432561;0.3942108;569.5;0.3493199;True;5/17/2025 1:26:47 PM:781;1747477607781;;
1693;467;0.8822052;0.4330319;0.8223904;0.3844379;569.5;0.3491984;True;5/17/2025 1:26:47 PM:828;1747477607828;;
1692;462;0.8815056;0.4280389;0.8723326;0.3451393;569.6;0.3491648;True;5/17/2025 1:26:47 PM:871;1747477607871;;
1708;460;0.8896703;0.4267379;0.9272751;0.3645189;569.7;0.3499531;True;5/17/2025 1:26:47 PM:918;1747477607918;;
1728;456;0.9002627;0.4230104;0.9480955;0.3441116;569.7;0.3491042;True;5/17/2025 1:26:47 PM:965;1747477607965;;
1728;456;0.9001085;0.4222479;0.8926066;0.3786464;569.8;0.3495917;True;5/17/2025 1:26:48 PM:13;1747477608013;;
1724;454;0.8983219;0.4212455;0.8666928;0.3930237;569.6;0.3492548;True;5/17/2025 1:26:48 PM:60;1747477608060;;
1321;468;0.6880249;0.4338575;0.49702;0.4978965;569.4;0.3488874;True;5/17/2025 1:26:48 PM:110;1747477608110;;
1244;475;0.6481179;0.4401987;0.5837122;0.4862636;569.3;0.3489795;True;5/17/2025 1:26:48 PM:162;1747477608162;;
1247;476;0.649786;0.4409544;0.6569347;0.4560942;569.1;0.348929;True;5/17/2025 1:26:48 PM:211;1747477608211;;
1218;480;0.6345995;0.4449963;0.5915306;0.4901279;569.0;0.3492781;True;5/17/2025 1:26:48 PM:256;1747477608256;;
1206;482;0.6282377;0.4469793;0.6028499;0.4812983;568.9;0.3485823;True;5/17/2025 1:26:48 PM:306;1747477608306;;
1189;485;0.6194727;0.4496279;0.5864563;0.4902382;568.8;0.3504928;True;5/17/2025 1:26:48 PM:362;1747477608362;;
1171;488;0.6103172;0.4520805;0.5697508;0.4969842;568.7;0.3485418;True;5/17/2025 1:26:48 PM:412;1747477608412;;
1081;493;0.5633801;0.456571;0.4644505;0.5170684;568.6;0.3497225;True;5/17/2025 1:26:48 PM:460;1747477608460;;
1037;497;0.5405718;0.4602057;0.4728456;0.5198378;568.5;0.3496304;True;5/17/2025 1:26:48 PM:511;1747477608511;;
835;500;0.4349746;0.4634933;0.2939501;0.5249803;568.3;0.3497889;True;5/17/2025 1:26:48 PM:558;1747477608558;;
665;503;0.3466246;0.465764;0.2311915;0.5233666;568.0;0.3498089;True;5/17/2025 1:26:48 PM:607;1747477608607;;
615;504;0.3207432;0.4673629;0.2703146;0.521524;567.8;0.3499024;True;5/17/2025 1:26:48 PM:662;1747477608662;;
592;506;0.308632;0.4687026;0.2721378;0.524524;567.5;0.3499489;True;5/17/2025 1:26:48 PM:708;1747477608708;;
563;507;0.2934463;0.4694576;0.2447777;0.5222373;567.4;0.3499135;True;5/17/2025 1:26:48 PM:750;1747477608750;;
560;508;0.2917646;0.4704039;0.2817608;0.5252199;567.2;0.3498996;True;5/17/2025 1:26:48 PM:799;1747477608799;;
527;508;0.2746265;0.4707306;0.2175419;0.5210419;567.1;0.3499683;True;5/17/2025 1:26:48 PM:845;1747477608845;;
509;508;0.2656129;0.4712211;0.2284344;0.522886;566.9;0.3498872;True;5/17/2025 1:26:48 PM:904;1747477608904;;
510;509;0.2656328;0.4717384;0.2822662;0.5251592;566.8;0.3502784;True;5/17/2025 1:26:48 PM:953;1747477608953;;
521;510;0.2718298;0.472336;0.3242632;0.5272951;566.8;0.3504354;True;5/17/2025 1:26:49 PM:1;1747477609001;;
504;510;0.2626317;0.4723601;0.2193197;0.5222991;566.8;0.3499181;True;5/17/2025 1:26:49 PM:52;1747477609052;;
500;510;0.2605412;0.4727762;0.239971;0.526728;566.8;0.3505953;True;5/17/2025 1:26:49 PM:103;1747477609103;;
496;510;0.2586088;0.4729829;0.2359004;0.5256222;566.9;0.3507431;True;5/17/2025 1:26:49 PM:151;1747477609151;;
483;511;0.2520602;0.473452;0.2076451;0.5173751;566.9;0.3505165;True;5/17/2025 1:26:49 PM:200;1747477609200;;
480;511;0.2500678;0.473498;0.2221112;0.5219157;566.9;0.3506764;True;5/17/2025 1:26:49 PM:249;1747477609249;;
477;511;0.2488499;0.473561;0.2237698;0.5228521;566.9;0.3504783;True;5/17/2025 1:26:49 PM:296;1747477609296;;
471;511;0.2457715;0.473866;0.2086272;0.5183436;566.9;0.3509657;True;5/17/2025 1:26:49 PM:346;1747477609346;;
662;512;0.3450948;0.4747019;0.4790411;0.5053054;567.0;0.3486581;True;5/17/2025 1:26:49 PM:399;1747477609399;;
931;512;0.4848989;0.4742657;0.6259447;0.4688978;567.1;0.3494619;True;5/17/2025 1:26:49 PM:451;1747477609451;;
994;512;0.5177423;0.474366;0.5746577;0.4764925;567.2;0.3491488;True;5/17/2025 1:26:49 PM:500;1747477609500;;
983;512;0.5120598;0.4747473;0.4685611;0.5061519;567.3;0.3494661;True;5/17/2025 1:26:49 PM:548;1747477609548;;
981;512;0.5110733;0.4747828;0.5060316;0.4995637;567.3;0.3494045;True;5/17/2025 1:26:49 PM:592;1747477609592;;
995;512;0.5185536;0.4749195;0.5465289;0.4961702;567.4;0.3493967;True;5/17/2025 1:26:49 PM:639;1747477609639;;
993;513;0.5172713;0.4752891;0.4931899;0.5076289;567.4;0.3493894;True;5/17/2025 1:26:49 PM:678;1747477609678;;
989;514;0.5152725;0.476184;0.4611664;0.5160663;567.5;0.3496307;True;5/17/2025 1:26:49 PM:722;1747477609722;;
941;515;0.4902262;0.4775971;0.3844911;0.5240428;567.6;0.3494002;True;5/17/2025 1:26:49 PM:767;1747477609767;;
1007;516;0.5247139;0.4778888;0.6076244;0.4865999;567.6;0.3497146;True;5/17/2025 1:26:49 PM:814;1747477609814;;
1018;516;0.530315;0.4779954;0.5596945;0.5007301;567.6;0.3485079;True;5/17/2025 1:26:49 PM:858;1747477609858;;
1017;516;0.5298231;0.4782275;0.5174873;0.4927881;567.6;0.3497924;True;5/17/2025 1:26:49 PM:904;1747477609904;;
1005;517;0.5236823;0.4787898;0.4660737;0.5119407;567.6;0.3491169;True;5/17/2025 1:26:49 PM:949;1747477609949;;
1025;516;0.5341203;0.4785935;0.5812513;0.4740784;567.6;0.3496437;True;5/17/2025 1:26:49 PM:993;1747477609993;;
1040;516;0.5419642;0.4782681;0.5837778;0.4703782;567.6;0.348929;True;5/17/2025 1:26:50 PM:39;1747477610039;;
1067;514;0.5559539;0.4765337;0.6165035;0.4492416;567.5;0.3482937;True;5/17/2025 1:26:50 PM:86;1747477610086;;
1092;513;0.5690973;0.4750475;0.6351512;0.4446165;567.4;0.3482748;True;5/17/2025 1:26:50 PM:125;1747477610125;;
1065;513;0.5547493;0.4750995;0.4877685;0.4804881;567.3;0.349647;True;5/17/2025 1:26:50 PM:170;1747477610170;;
1064;513;0.5543008;0.4750751;0.5385776;0.4714578;567.2;0.3503128;True;5/17/2025 1:26:50 PM:216;1747477610216;;
1038;513;0.5411099;0.4751389;0.4738769;0.4813576;567.1;0.3506262;True;5/17/2025 1:26:50 PM:261;1747477610261;;
1036;513;0.5400838;0.4751594;0.5152782;0.4792971;567.0;0.3487445;True;5/17/2025 1:26:50 PM:308;1747477610308;;
899;515;0.4685633;0.4774327;0.3322101;0.5158424;566.9;0.3509631;True;5/17/2025 1:26:50 PM:354;1747477610354;;
776;517;0.4044841;0.4793964;0.2870573;0.5180005;566.9;0.3507145;True;5/17/2025 1:26:50 PM:401;1747477610401;;
766;520;0.3992519;0.4816666;0.3708046;0.5262144;566.9;0.3498093;True;5/17/2025 1:26:50 PM:448;1747477610448;;
753;521;0.3924568;0.4828959;0.3552313;0.5214595;566.8;0.3499183;True;5/17/2025 1:26:50 PM:493;1747477610493;;
685;522;0.3571659;0.4836849;0.264176;0.5197461;566.8;0.3506134;True;5/17/2025 1:26:50 PM:537;1747477610537;;
670;523;0.3494075;0.4843166;0.3078388;0.5198405;566.7;0.3506778;True;5/17/2025 1:26:50 PM:584;1747477610584;;
634;524;0.3304828;0.4852061;0.2618551;0.5250557;566.6;0.3504198;True;5/17/2025 1:26:50 PM:630;1747477610630;;
627;524;0.3267944;0.4856047;0.2947377;0.521498;566.6;0.3512301;True;5/17/2025 1:26:50 PM:676;1747477610676;;
614;524;0.32012;0.4857786;0.2725861;0.5192951;566.6;0.3511967;True;5/17/2025 1:26:50 PM:717;1747477610717;;
600;524;0.3129156;0.486024;0.2635402;0.5209226;566.6;0.3507094;True;5/17/2025 1:26:50 PM:763;1747477610763;;
580;525;0.3025386;0.4862653;0.2409839;0.5111001;566.5;0.3508844;True;5/17/2025 1:26:50 PM:807;1747477610807;;
556;525;0.2899624;0.4865006;0.2230992;0.509782;566.5;0.3505779;True;5/17/2025 1:26:50 PM:854;1747477610854;;
556;525;0.2896525;0.4867165;0.2698123;0.5189902;566.5;0.3505386;True;5/17/2025 1:26:50 PM:898;1747477610898;;
556;525;0.289657;0.4868619;0.2897692;0.5186085;566.5;0.3505096;True;5/17/2025 1:26:50 PM:941;1747477610941;;
571;525;0.2975963;0.4870325;0.3457943;0.5198831;566.5;0.3508604;True;5/17/2025 1:26:50 PM:981;1747477610981;;
710;526;0.3700373;0.4876754;0.5014123;0.527677;566.6;0.3508968;True;5/17/2025 1:26:51 PM:26;1747477611026;;
1005;526;0.5236545;0.4878508;0.6957134;0.4924936;567.0;0.3519598;True;5/17/2025 1:26:51 PM:66;1747477611066;;
1055;526;0.5496724;0.487962;0.6030837;0.5163338;567.4;0.3524631;True;5/17/2025 1:26:51 PM:109;1747477611109;;
1082;527;0.5636409;0.4880629;0.6040629;0.51688;567.7;0.3524511;True;5/17/2025 1:26:51 PM:146;1747477611146;;
1088;527;0.5669746;0.4883628;0.5804846;0.5212258;568.0;0.3522246;True;5/17/2025 1:26:51 PM:186;1747477611186;;
1161;527;0.604989;0.4885142;0.6851211;0.4930227;568.5;0.3532871;True;5/17/2025 1:26:51 PM:229;1747477611229;;
1286;526;0.6700307;0.4875561;0.778641;0.4707967;569.1;0.3521181;True;5/17/2025 1:26:51 PM:271;1747477611271;;
1334;525;0.6948628;0.4870124;0.7553949;0.473658;569.5;0.3527123;True;5/17/2025 1:26:51 PM:312;1747477611312;;
1358;525;0.7074305;0.4867959;0.7473701;0.478566;570.0;0.3517469;True;5/17/2025 1:26:51 PM:354;1747477611354;;
1401;524;0.7298482;0.4860777;0.796995;0.4655944;570.4;0.3517386;True;5/17/2025 1:26:51 PM:391;1747477611391;;
1439;523;0.7495707;0.4851333;0.8092024;0.4606347;570.9;0.3534994;True;5/17/2025 1:26:51 PM:433;1747477611433;;
1374;525;0.7157902;0.4862214;0.5957083;0.5115582;571.3;0.3523064;True;5/17/2025 1:26:51 PM:476;1747477611476;;
1268;527;0.6606113;0.4884101;0.5220051;0.5278135;571.6;0.3508137;True;5/17/2025 1:26:51 PM:517;1747477611517;;
1197;529;0.6234676;0.4899885;0.5119861;0.5272579;572.0;0.3529776;True;5/17/2025 1:26:51 PM:558;1747477611558;;
1191;529;0.6206127;0.4902815;0.5855042;0.5127066;572.4;0.3529617;True;5/17/2025 1:26:51 PM:596;1747477611596;;
1191;529;0.620774;0.4903342;0.6259864;0.5016456;572.8;0.3542798;True;5/17/2025 1:26:51 PM:638;1747477611638;;
1192;529;0.6211287;0.4904491;0.6309596;0.5085404;573.3;0.3520823;True;5/17/2025 1:26:51 PM:678;1747477611678;;
1172;530;0.6105896;0.4915183;0.5516997;0.5257949;573.7;0.3502672;True;5/17/2025 1:26:51 PM:723;1747477611723;;
1148;531;0.5982904;0.492359;0.5307552;0.5269117;574.2;0.3506385;True;5/17/2025 1:26:51 PM:764;1747477611764;;
1180;531;0.6146531;0.4924223;0.6838581;0.4948619;574.5;0.353548;True;5/17/2025 1:26:51 PM:806;1747477611806;;
1129;529;0.5883536;0.5190455;0.5350645;0.5016271;576.3;0.3544136;True;5/17/2025 1:26:52 PM:2;1747477612002;;
1113;529;0.5800227;0.5195895;0.5214375;0.5373147;577.6;0.3499248;True;5/17/2025 1:26:52 PM:54;1747477612054;;
1126;529;0.5867245;0.5192272;0.6215361;0.5059861;578.4;0.3498403;True;5/17/2025 1:26:52 PM:107;1747477612107;;
1101;529;0.5739164;0.5194788;0.5061582;0.5320348;578.9;0.3505832;True;5/17/2025 1:26:52 PM:156;1747477612156;;
1104;529;0.5755005;0.5189589;0.5911099;0.5023062;579.4;0.3517098;True;5/17/2025 1:26:52 PM:208;1747477612208;;
1038;530;0.540664;0.5198354;0.4404791;0.5428156;579.8;0.3520654;True;5/17/2025 1:26:52 PM:255;1747477612255;;
1024;530;0.5335527;0.5198241;0.4840673;0.5183047;580.3;0.3522082;True;5/17/2025 1:26:52 PM:301;1747477612301;;
981;530;0.5110528;0.5199383;0.4283541;0.529665;580.6;0.352979;True;5/17/2025 1:26:52 PM:351;1747477612351;;
920;530;0.4794093;0.5202077;0.3815342;0.5357806;580.9;0.3523703;True;5/17/2025 1:26:52 PM:396;1747477612396;;
872;530;0.4545957;0.5202432;0.3689305;0.5290717;581.2;0.3520163;True;5/17/2025 1:26:52 PM:442;1747477612442;;
872;530;0.4545548;0.5202552;0.4486494;0.5257538;581.3;0.3519816;True;5/17/2025 1:26:52 PM:489;1747477612489;;
849;530;0.4424565;0.5202702;0.3786197;0.5229;581.4;0.3536958;True;5/17/2025 1:26:52 PM:533;1747477612533;;
808;530;0.421287;0.5202821;0.334246;0.5271052;581.5;0.3536626;True;5/17/2025 1:26:52 PM:572;1747477612572;;
725;530;0.3776627;0.5202814;0.2684246;0.5201963;581.4;0.3545495;True;5/17/2025 1:26:52 PM:619;1747477612619;;
661;530;0.3445606;0.5202886;0.25113;0.5218632;581.3;0.3546109;True;5/17/2025 1:26:52 PM:666;1747477612666;;
588;530;0.3064748;0.5201004;0.2083186;0.5105657;581.2;0.3542866;True;5/17/2025 1:26:52 PM:711;1747477612711;;
497;529;0.2588634;0.5190056;0.1523797;0.4923214;581.1;0.3541929;True;5/17/2025 1:26:52 PM:756;1747477612756;;
487;529;0.2536799;0.5190414;0.2219058;0.5223098;581.0;0.3527046;True;5/17/2025 1:26:52 PM:801;1747477612801;;
488;529;0.2541924;0.5190822;0.2776607;0.5231984;580.7;0.351095;True;5/17/2025 1:26:52 PM:847;1747477612847;;
502;529;0.2617863;0.5191248;0.3202984;0.5239742;580.5;0.3516729;True;5/17/2025 1:26:52 PM:892;1747477612892;;
543;529;0.2832182;0.519304;0.3720566;0.5304022;580.4;0.351705;True;5/17/2025 1:26:52 PM:937;1747477612937;;
549;529;0.2864559;0.519375;0.3300324;0.5276315;580.3;0.3518563;True;5/17/2025 1:26:52 PM:982;1747477612982;;
555;529;0.2894178;0.5193854;0.3333801;0.5243257;580.2;0.3524932;True;5/17/2025 1:26:53 PM:28;1747477613028;;
563;529;0.293559;0.5194938;0.3442165;0.530214;580.1;0.3526806;True;5/17/2025 1:26:53 PM:73;1747477613073;;
564;529;0.2938642;0.5195006;0.3153201;0.5239522;580.1;0.3522425;True;5/17/2025 1:26:53 PM:118;1747477613118;;
564;529;0.2939316;0.5195064;0.320365;0.5252413;580.1;0.3522149;True;5/17/2025 1:26:53 PM:157;1747477613157;;
593;529;0.3092431;0.5195144;0.3892086;0.520835;580.0;0.3513477;True;5/17/2025 1:26:53 PM:204;1747477613204;;
564;530;0.2937683;0.5201061;0.2362958;0.5422321;579.9;0.3514175;True;5/17/2025 1:26:53 PM:250;1747477613250;;
552;530;0.2877793;0.5204728;0.2523061;0.5403423;579.9;0.3520947;True;5/17/2025 1:26:53 PM:298;1747477613298;;
530;531;0.2763808;0.5207992;0.2214763;0.5416697;579.9;0.3528547;True;5/17/2025 1:26:53 PM:343;1747477613343;;
498;531;0.2595857;0.5207971;0.1915571;0.5206844;579.9;0.3516733;True;5/17/2025 1:26:53 PM:390;1747477613390;;
498;531;0.2595819;0.5208217;0.2590485;0.5283921;579.9;0.3506026;True;5/17/2025 1:26:53 PM:437;1747477613437;;
694;531;0.3615585;0.5208871;0.5141339;0.5334535;580.1;0.3520989;True;5/17/2025 1:26:53 PM:481;1747477613481;;
1028;528;0.5356046;0.5185128;0.7049583;0.4831306;580.2;0.3501358;True;5/17/2025 1:26:53 PM:526;1747477613526;;
1066;528;0.5557042;0.5184118;0.5953178;0.5108588;580.4;0.3506202;True;5/17/2025 1:26:53 PM:570;1747477613570;;
1162;527;0.6055384;0.5170375;0.6831474;0.4866533;580.7;0.3503471;True;5/17/2025 1:26:53 PM:616;1747477613616;;
1169;526;0.6093644;0.5164688;0.6211656;0.4935142;580.9;0.3506784;True;5/17/2025 1:26:53 PM:659;1747477613659;;
1181;525;0.6153599;0.5151061;0.63735;0.4784104;581.1;0.3506498;True;5/17/2025 1:26:53 PM:699;1747477613699;;
1175;525;0.612334;0.5150892;0.5784561;0.51418;581.3;0.350145;True;5/17/2025 1:26:53 PM:746;1747477613746;;
1174;524;0.6116624;0.514126;0.6070198;0.4830903;581.4;0.3519525;True;5/17/2025 1:26:53 PM:792;1747477613792;;
1293;521;0.6737984;0.5114471;0.7806798;0.4620905;581.8;0.3510722;True;5/17/2025 1:26:53 PM:838;1747477613838;;
1346;520;0.7013553;0.5099308;0.7674085;0.466988;582.2;0.3516668;True;5/17/2025 1:26:53 PM:884;1747477613884;;
1343;520;0.6995849;0.50991;0.6751066;0.4862407;582.6;0.3522645;True;5/17/2025 1:26:53 PM:929;1747477613929;;
1380;518;0.7191734;0.5082799;0.777541;0.461829;582.9;0.351583;True;5/17/2025 1:26:53 PM:976;1747477613976;;
1401;517;0.7300295;0.5071023;0.7746204;0.4619844;583.2;0.3513263;True;5/17/2025 1:26:54 PM:20;1747477614020;;
1402;517;0.7306644;0.5068842;0.7373688;0.4722456;583.4;0.352371;True;5/17/2025 1:26:54 PM:66;1747477614066;;
1356;517;0.7065275;0.5069913;0.6128302;0.5092351;583.5;0.3528356;True;5/17/2025 1:26:54 PM:111;1747477614111;;
1356;516;0.7065228;0.5067762;0.7064233;0.4778138;583.6;0.3521485;True;5/17/2025 1:26:54 PM:155;1747477614155;;
1357;516;0.7069227;0.5067676;0.7139429;0.4818529;583.8;0.3521571;True;5/17/2025 1:26:54 PM:200;1747477614200;;
1353;517;0.7046901;0.5070463;0.6717054;0.5133207;584.0;0.3530104;True;5/17/2025 1:26:54 PM:245;1747477614245;;
1352;517;0.7045871;0.5070814;0.6983935;0.5084435;584.2;0.3529822;True;5/17/2025 1:26:54 PM:285;1747477614285;;
1275;518;0.6643436;0.5086292;0.5555342;0.5344583;584.5;0.3523665;True;5/17/2025 1:26:54 PM:330;1747477614330;;
1323;518;0.6891597;0.5081942;0.7722695;0.487575;584.9;0.3515448;True;5/17/2025 1:26:54 PM:377;1747477614377;;
1249;519;0.6510413;0.5096881;0.5530044;0.5357689;585.4;0.3519199;True;5/17/2025 1:26:54 PM:427;1747477614427;;
1206;520;0.6284903;0.5107279;0.5487409;0.5362583;585.9;0.3528319;True;5/17/2025 1:26:54 PM:472;1747477614472;;
1208;520;0.6292402;0.5107296;0.6469042;0.5140753;586.5;0.3533335;True;5/17/2025 1:26:54 PM:518;1747477614518;;
1208;520;0.6291839;0.5107388;0.6267105;0.5152193;587.1;0.3535199;True;5/17/2025 1:26:54 PM:565;1747477614565;;
1287;519;0.6704537;0.509764;0.7771501;0.4858585;587.6;0.3529722;True;5/17/2025 1:26:54 PM:610;1747477614610;;
1316;519;0.6857525;0.5092811;0.7513822;0.4903561;588.0;0.3519423;True;5/17/2025 1:26:54 PM:656;1747477614656;;
1336;519;0.6960844;0.5088848;0.7527047;0.4896683;588.4;0.3522025;True;5/17/2025 1:26:54 PM:702;1747477614702;;
1356;518;0.7066557;0.5083824;0.7660059;0.4855542;588.7;0.3530877;True;5/17/2025 1:26:54 PM:747;1747477614747;;
1358;518;0.707586;0.5083002;0.729884;0.493668;589.1;0.3528906;True;5/17/2025 1:26:54 PM:792;1747477614792;;
1344;518;0.7001888;0.5082838;0.6554419;0.5072051;589.4;0.3524031;True;5/17/2025 1:26:54 PM:836;1747477614836;;
1338;518;0.6970918;0.5082523;0.6663455;0.5041084;589.8;0.3518782;True;5/17/2025 1:26:54 PM:882;1747477614882;;
1370;517;0.7136236;0.5073708;0.7881516;0.4772772;590.1;0.3518527;True;5/17/2025 1:26:54 PM:921;1747477614921;;
1329;517;0.6921989;0.5077115;0.6134018;0.5181411;590.4;0.3520736;True;5/17/2025 1:26:54 PM:967;1747477614967;;
1290;518;0.6723474;0.5081239;0.5985193;0.5211111;590.6;0.3524565;True;5/17/2025 1:26:55 PM:18;1747477615018;;
1278;518;0.6656357;0.5083214;0.6173051;0.5187219;590.8;0.3521397;True;5/17/2025 1:26:55 PM:62;1747477615062;;
1203;519;0.6270041;0.5096934;0.5207705;0.5401798;590.8;0.3510487;True;5/17/2025 1:26:55 PM:107;1747477615107;;
1181;520;0.6151937;0.5100143;0.5544474;0.5279272;590.7;0.3509281;True;5/17/2025 1:26:55 PM:152;1747477615152;;
1219;520;0.635088;0.4816932;0.6896843;0.4823811;589.1;0.3507093;True;5/17/2025 1:26:55 PM:252;1747477615252;;
1220;520;0.6355598;0.481701;0.6522892;0.4854826;587.7;0.3502315;True;5/17/2025 1:26:55 PM:297;1747477615297;;
1237;519;0.644662;0.4813947;0.7030457;0.4694013;586.3;0.350925;True;5/17/2025 1:26:55 PM:342;1747477615342;;
1239;519;0.6454177;0.4813648;0.6688324;0.4776166;585.1;0.3497167;True;5/17/2025 1:26:55 PM:388;1747477615388;;
1224;520;0.637678;0.4816792;0.5930989;0.4961705;584.0;0.3496523;True;5/17/2025 1:26:55 PM:432;1747477615432;;
1179;521;0.6140794;0.4826729;0.5319938;0.5100091;582.9;0.3497787;True;5/17/2025 1:26:55 PM:474;1747477615474;;
1008;523;0.5253016;0.4848576;0.3812975;0.5263333;581.9;0.3500297;True;5/17/2025 1:26:55 PM:516;1747477615516;;
868;525;0.4524277;0.486336;0.3311862;0.5247797;581.1;0.3505384;True;5/17/2025 1:26:55 PM:558;1747477615558;;
804;526;0.4189934;0.4872579;0.3392445;0.5230239;580.3;0.3505359;True;5/17/2025 1:26:55 PM:597;1747477615597;;
746;527;0.3890604;0.4882014;0.3192975;0.5247681;579.6;0.3503017;True;5/17/2025 1:26:55 PM:640;1747477615640;;
717;528;0.3735754;0.4890176;0.3244643;0.5262724;578.9;0.3514751;True;5/17/2025 1:26:55 PM:681;1747477615681;;
709;529;0.3693661;0.4898851;0.3476298;0.5293695;578.7;0.3518918;True;5/17/2025 1:26:55 PM:722;1747477615722;;
773;529;0.4028458;0.4901675;0.5206735;0.523136;578.6;0.3511187;True;5/17/2025 1:26:55 PM:765;1747477615765;;
811;529;0.4226171;0.4903709;0.5207736;0.5232056;578.5;0.3511005;True;5/17/2025 1:26:55 PM:802;1747477615802;;
811;529;0.4226399;0.4907103;0.4481245;0.5261214;578.2;0.3505592;True;5/17/2025 1:26:55 PM:843;1747477615843;;
867;530;0.4517928;0.491033;0.5566663;0.5060216;577.7;0.3496728;True;5/17/2025 1:26:55 PM:886;1747477615886;;
862;530;0.4491334;0.4915822;0.4258547;0.528114;577.2;0.3502185;True;5/17/2025 1:26:55 PM:928;1747477615928;;
853;531;0.4443951;0.4920487;0.4084713;0.528787;576.7;0.348803;True;5/17/2025 1:26:55 PM:968;1747477615968;;
842;531;0.4387298;0.4921357;0.3981712;0.5233313;576.3;0.349636;True;5/17/2025 1:26:56 PM:12;1747477616012;;
836;531;0.4355134;0.492303;0.4018936;0.5253655;575.9;0.3485411;True;5/17/2025 1:26:56 PM:55;1747477616055;;
840;531;0.437746;0.4924261;0.4637259;0.5199153;575.6;0.3491489;True;5/17/2025 1:26:56 PM:100;1747477616100;;
834;532;0.434687;0.4926512;0.4013658;0.5266991;575.3;0.3491352;True;5/17/2025 1:26:56 PM:141;1747477616141;;
826;532;0.4303352;0.4927508;0.3890427;0.5206921;575.0;0.3501308;True;5/17/2025 1:26:56 PM:183;1747477616183;;
841;532;0.4382537;0.4930505;0.4870086;0.5051034;574.7;0.3510193;True;5/17/2025 1:26:56 PM:225;1747477616225;;
821;532;0.4278794;0.4932535;0.3680427;0.5234188;574.5;0.3507513;True;5/17/2025 1:26:56 PM:268;1747477616268;;
812;532;0.4230586;0.4933138;0.3783224;0.5183463;574.3;0.3505415;True;5/17/2025 1:26:56 PM:309;1747477616309;;
787;532;0.4104163;0.4934977;0.3397238;0.5128636;574.1;0.350937;True;5/17/2025 1:26:56 PM:350;1747477616350;;
758;533;0.3952924;0.4938432;0.3228363;0.5250709;574.0;0.3500606;True;5/17/2025 1:26:56 PM:398;1747477616398;;
765;533;0.3985552;0.4940674;0.4260513;0.5107775;573.8;0.3510024;True;5/17/2025 1:26:56 PM:441;1747477616441;;
750;533;0.3909661;0.494214;0.3348923;0.5120461;573.6;0.3509521;True;5/17/2025 1:26:56 PM:481;1747477616481;;
737;533;0.3840363;0.4943199;0.3263354;0.5122319;573.5;0.3509433;True;5/17/2025 1:26:56 PM:519;1747477616519;;
703;534;0.3662789;0.4944892;0.2858984;0.5068241;573.3;0.3510659;True;5/17/2025 1:26:56 PM:563;1747477616563;;
679;534;0.3539268;0.4946201;0.2826473;0.5059364;573.2;0.3518271;True;5/17/2025 1:26:56 PM:605;1747477616605;;
